{
  "total_cross_transitions": 9364,
  "avg_transition_duration": 0.1976255942973265,
  "median_transition_duration": 0.13404399999990346
}