AOI,Total_Duration_ms
8,4212.30100000048
9,2880.8275000010326
3,1287.0939999988877
6,1283.0569999996442
2,1186.223499999869
7,653.6325000001852
1,298.5729999995783
5,112.97399999966729
