AOI,Total_Duration_ms
1,653.632999999445
4,480.1375000001826
5,351.0244999997667
8,217.87799999992785
6,100.86950000004435
2,92.7999999998974
