AOI,Total_Duration_ms
8,734.3285000001742
5,629.4249999996282
4,552.7629999996861
6,225.94700000036028
9,189.63499999972555
