AOI,Total_Duration_ms
5,69264.93099999697
2,20649.969499994768
4,2723.471499997686
1,673.8075000002937
6,528.5549999998693
3,266.29600000023856
8,80.69500000010521
