{
  "total_cross_transitions": 155,
  "avg_transition_duration": 0.12193700645160378,
  "median_transition_duration": 0.10053299999981391
}