AOI,Total_Duration_ms
1,403.4640000008949
9,217.8700000004028
