AOI,Total_Duration_ms
3,4982.774500001142
6,3631.170999994538
8,2812.1410000030664
2,1944.6955000039452
9,1032.8684999994948
5,960.243000000446
7,576.9529999997758
4,108.93549999946116
