AOI,Total_Duration_ms
4,564.8485000001529
3,108.93549999946116
