AOI,Total_Duration_ms
5,70602.08849999981
2,69657.97300000396
3,3155.0845000019763
1,2614.4435000041994
4,1662.2699999998076
6,568.8834999991741
