{
  "total_cross_transitions": 152,
  "avg_transition_duration": 0.13669011842104714,
  "median_transition_duration": 0.10053400000015245
}