AOI,Total_Duration_ms
5,20258.59550000041
2,16857.281999997667
1,665.7375000004322
4,528.5564999994676
3,516.4505000002464
6,371.1984999999913
7,80.69500000010521
