AOI,Total_Duration_ms
5,919.9280000002545
6,217.8779999994731
3,217.87750000021333
8,181.5654999995786
9,137.18199999993885
4,100.86900000032983
