AOI,Total_Duration_ms
1,500.31149999949776
4,375.2340000000913
2,359.09499999979744
