AOI,Total_Duration_ms
8,2735.576000000947
3,1391.995500000121
6,823.0940000003102
2,217.87750000021333
1,153.320999999778
5,137.1819999994841
