{
  "total_cross_transitions": 66,
  "avg_transition_duration": 0.15283090909089436,
  "median_transition_duration": 0.13404399999990346
}