AOI,Total_Duration_ms
7,9251.136501552537
8,1581.5284997224808
5,242.0705002732575
4,133.13900004141033
