AOI,Total_Duration_ms
4,1133.71500003268
8,968.2974999595899
7,750.43099996401
5,669.7389999753796
1,177.5210000341758
