AOI,Total_Duration_ms
Bottom-Left,60961.484007537365
Bottom-Center,8972.754498943686
Middle-Center,1105.4550013504922
Middle-Left,665.6950002070516
