AOI,Total_Duration_ms
7,7322.641999693587
5,3054.1259995661676
6,2646.638000383973
8,2537.7080007456243
4,2259.3270000070333
9,2251.25850061886
1,306.6225000657141
2,217.86400000564757
