AOI,Total_Duration_ms
5,746.3960000604857
9,726.2225000013132
6,500.2870000025723
8,242.07449998357333
2,217.86649999557994
7,141.21049997629598
3,121.03699997533111
