{
  "total_cross_transitions": 6,
  "avg_transition_duration": 5.093580833325784,
  "median_transition_duration": 4.054757999954745
}