{
  "total_cross_transitions": 251,
  "avg_transition_duration": 0.23911483665284483,
  "median_transition_duration": 0.13404299999820068
}