participant,transition_duration_mean,transition_duration_sd,stationary_entropy_all_screens,transition_entropy_all_screens,stationary_entropy_mid,transition_entropy_mid
000,0.35988837608690477,0.5883853448113487,4.717221711547886,7.343940807630615,2.688138230543326,4.431191743781656
001,0.44447227999999406,0.6154248109109741,4.560693147960012,7.797164577299627,2.957568804206232,5.363081910051431
