participant,transition_duration_mean,transition_duration_sd,stationary_entropy_all_screens,transition_entropy_all_screens,stationary_entropy_mid,transition_entropy_mid
000,0.35988837608690477,0.5883853448113487,3.452723025721588,6.495501570578384,2.688138230543326,4.431191743781656
001,0.44447227999999406,0.6154248109109741,3.324952064413617,6.3147142145554245,2.957568804206232,5.363081910051431
