pattern_id,proto_index,n_occurrences,area
1,5210,2408,381152.6115460964
2,14520,1360,355119.1922446105
3,9270,826,297747.03905566776
4,19507,1029,286985.27488231973
5,9115,991,245250.04655710104
6,694,943,214844.82417819177
7,9726,1558,193072.8152752521
8,21109,995,193430.96019706372
9,3661,1320,181992.7448755704
10,25168,534,165928.13967156623
