pattern_id,proto_index,n_occurrences,area
1,47542,12744,1158295.6209191438
2,1386,3460,443331.0186823134
3,67065,1277,410962.7079435057
4,69868,1725,307735.4673844586
5,587,7326,268980.7280440289
6,20014,1142,205255.75982367643
7,16037,7655,207879.52409708605
8,14767,4960,213325.37914125924
9,17110,978,192136.97017907444
10,226,2488,178953.09562389145
