AOI,Total_Duration_ms
4,1440.4140000001462
7,734.3275000000631
5,334.8855000003823
3,129.1120000000774
9,108.93850000002205
