AOI,Total_Duration_ms
1,4200.196999999434
2,2792.0624999997017
4,625.3895000004377
7,435.75550000036856
8,217.87799999992785
