AOI,Total_Duration_ms
5,321448.64249999594
2,130698.38750000077
3,3586.9124999992437
1,3574.8065000000224
6,2854.9029999994673
4,568.9029999996364
