AOI,Total_Duration_ms
8,15933.312499999829
3,11987.307999999757
9,6729.998499999965
6,6342.660000000478
2,4397.903999999926
7,1311.3020000000688
5,310.67750000011074
1,177.53000000016073
