{
  "total_cross_transitions": 532,
  "avg_transition_duration": 0.1226400187969853,
  "median_transition_duration": 0.10053300000004128
}