AOI,Total_Duration_ms
4,4579.271999988123
7,4026.5275000419933
8,1581.5609999699518
1,1424.2139999987558
5,298.5604999703355
2,217.868499996257
