AOI,Total_Duration_ms
5,458213.4770006087
6,169673.38749927876
2,4672.658000010415
4,1182.1380000183126
8,960.2340000274125
3,476.08300000138115
1,322.76749997981824
7,217.86799999244977
