AOI,Total_Duration_ms
5,7149.313500005519
8,4663.999500029604
6,1726.8090000579832
4,1222.4845000018831
9,403.4599999868078
7,258.21450000512414
2,117.00349999591708
3,96.8309999880148
