{
  "total_cross_transitions": 372,
  "avg_transition_duration": 0.18719344623675552,
  "median_transition_duration": 0.16755500000726897
}