{
  "total_cross_transitions": 2471,
  "avg_transition_duration": 0.14245188628082409,
  "median_transition_duration": 0.13404399999990346
}