AOI,Total_Duration_ms
1,3877.250000000913
4,3538.343499999428
2,1262.8300000005765
8,1032.8574999998636
7,871.4745000006586
3,593.0855000005977
5,234.00699999956487
