AOI,Total_Duration_ms
4,7048.448999999891
6,1270.8975000000464
1,915.8555000003616
5,782.7109999998356
3,653.6050000004252
9,278.38800000017727
7,104.8995000001014
8,96.83050000012372
