AOI,Total_Duration_ms
5,480970.71599999664
2,239814.00849999452
1,4123.358999999709
6,1307.2140000008403
4,694.0274999992653
3,500.2900000004047
7,342.94199999976627
8,217.86800000018047
