{
  "total_cross_transitions": 998,
  "avg_transition_duration": 0.1170199849699436,
  "median_transition_duration": 0.10053300000026866
}