AOI,Total_Duration_ms
5,374134.6449996927
6,218683.43950074632
2,6402.764500089688
4,1839.779500005534
8,1573.4945000440348
1,1266.865500001586
3,891.6470000258414
7,234.00699999183416
