AOI,Total_Duration_ms
5,10536.293000084697
8,9107.993500016164
6,4442.098499916028
9,2402.5314999598777
4,2267.4444999865955
7,948.1300000334159
1,100.8645000110846
