{
  "total_cross_transitions": 965,
  "avg_transition_duration": 0.1471360943006464,
  "median_transition_duration": 0.13404399999126326
}