{
  "total_cross_transitions": 3148,
  "avg_transition_duration": 0.2748005730622624,
  "median_transition_duration": 0.10053300000026866
}