AOI,Total_Duration_ms
8,5806.037500000457
9,5043.464999999969
3,4744.893499999307
6,3348.863000000165
2,1234.6414999999524
5,1214.467999999897
7,810.9899999997197
4,104.9040000000332
