AOI,Total_Duration_ms
4,556.7995000001247
5,217.87800000015525
2,217.87799999992785
8,165.42549999985567
1,145.25200000025507
