AOI,Total_Duration_ms
2,944.1369999997278
1,435.75499999974454
