AOI,Total_Duration_ms
5,164614.6944999996
2,42938.04249999994
1,601.1814999999388
6,476.1035000001357
4,104.90399999980582
