{
  "total_cross_transitions": 213,
  "avg_transition_duration": 0.1189401690140903,
  "median_transition_duration": 0.10053300000004128
}