AOI,Total_Duration_ms
1,6911.28949999802
7,5983.325999998669
2,4135.4764999978215
8,3690.1099999995495
4,1206.350499999644
9,435.73800000012847
5,173.4889999997904
