AOI,Total_Duration_ms
5,4354.059499999494
9,1057.06900000132
8,676.2584999996761
7,653.6089999999604
6,363.1150000001071
4,242.07599999954255
