AOI,Total_Duration_ms
8,564.8449999998775
2,552.7420000007623
3,520.4645000003438
5,435.7390000004671
1,298.56200000085664
6,217.86950000023356
7,181.55750000005355
