AOI,Total_Duration_ms
5,196718.78849998937
4,2945.2654999986407
2,1440.3580000007423
1,790.7825000002049
6,637.4694999985877
3,217.86900000006423
8,181.55699999988428
7,92.79649999916728
