{
  "total_cross_transitions": 275,
  "avg_transition_duration": 0.11990879272728555,
  "median_transition_duration": 0.13404399999944872
}