AOI,Total_Duration_ms
5,26374.35049999567
4,13145.859999995992
8,3558.5280000059356
7,1004.6210000018618
2,258.217000001423
6,108.93699999996898
1,92.79549999973824
