AOI,Total_Duration_ms
5,480119.55700002
6,119156.30799999871
2,6257.6860000017405
8,4986.78050000035
4,1250.7380000015473
9,1149.8595000002751
1,217.868499999895
