AOI,Total_Duration_ms
4,1726.8165000023146
8,1605.780999999297
7,1400.0065000000177
1,290.4950000001918
5,234.0089999997872
2,217.868499999895
6,80.69199999954435
