{
  "total_cross_transitions": 482,
  "avg_transition_duration": 0.1766638547717934,
  "median_transition_duration": 0.16755499999999302
}