AOI,Total_Duration_ms
5,5995.430999993005
8,4397.316999998111
7,1590.3909999997268
4,96.83050000057848
2,88.76099999997678
6,84.72700000129407
