AOI,Total_Duration_ms
2,2269.401000000471
4,1626.7010000010487
5,597.1224999975675
3,217.86950000023356
1,141.21099999829312
8,84.72650000021531
