{
  "total_cross_transitions": 612,
  "avg_transition_duration": 0.1299924444444701,
  "median_transition_duration": 0.10053400000106194
}