AOI,Total_Duration_ms
5,45292.234499999264
4,18643.87099999658
2,2065.7130000004145
8,1634.0115000007245
7,1170.03399999885
1,899.7160000003532
