AOI,Total_Duration_ms
4,2045.5419999998412
8,927.9570000012427
2,689.9159999998119
5,217.86799999972573
3,181.5575000005083
1,157.34950000023673
7,125.07249999953274
