AOI,Total_Duration_ms
5,520690.2284999655
6,91536.94850000647
2,4646.791499998471
4,1452.4550000014642
1,823.0585000010251
3,451.8760000005386
9,185.59100000038597
8,80.69199999954435
