{
  "total_cross_transitions": 655,
  "avg_transition_duration": 0.17006526717557388,
  "median_transition_duration": 0.16755499999999302
}