{
  "total_cross_transitions": 1281,
  "avg_transition_duration": 0.130331656518357,
  "median_transition_duration": 0.13404399999853922
}