AOI,Total_Duration_ms
8,1613.840999999411
4,1250.7274999989022
7,770.6100000004881
1,621.3289999986955
2,435.73699999979
9,318.7340000004042
3,217.868499999895
