AOI,Total_Duration_ms
8,712009.2764999944
7,20197.573500003273
5,6991.971000001286
2,5983.321000000615
1,5523.375499997201
6,4522.793999998612
4,2957.3645000000397
9,1464.5605000005162
