AOI,Total_Duration_ms
8,54874.66350000159
9,34608.44550001002
6,15056.663999997
5,6523.956000000908
7,6309.40549999832
2,3239.7869999995237
3,1198.278499998196
1,984.4444999989719
