{
  "total_cross_transitions": 1104,
  "avg_transition_duration": 0.11528529438406092,
  "median_transition_duration": 0.1005330000007234
}