{
  "total_cross_transitions": 7649,
  "avg_transition_duration": 0.12279039220813513,
  "median_transition_duration": 0.10053400000015245
}