{
  "total_cross_transitions": 7848,
  "avg_transition_duration": 0.12577012665649137,
  "median_transition_duration": 0.10053400000106194
}