{
  "total_cross_transitions": 1863,
  "avg_transition_duration": 0.1266518421900251,
  "median_transition_duration": 0.13404200000059063
}