AOI,Total_Duration_ms
1,1343.577500000265
4,217.87799999992785
