AOI,Total_Duration_ms
5,1738.9869999997245
4,1404.1004999990037
6,415.5810000006568
8,363.1305000003522
2,322.78150000001915
9,108.93899999973657
