AOI,Total_Duration_ms
5,112838.57399999669
2,80542.1270000038
3,2001.2470000006033
4,621.3549999997667
1,367.1644999999444
9,363.12900000029913
6,189.6340000002965
