{
  "total_cross_transitions": 311,
  "avg_transition_duration": 0.12442800643087276,
  "median_transition_duration": 0.10053400000015245
}