{
  "total_cross_transitions": 2964,
  "avg_transition_duration": 0.16187992442645138,
  "median_transition_duration": 0.16755499999999302
}