AOI,Total_Duration_ms
4,28988.587500000904
5,28859.481500012407
6,4482.434999996258
8,2606.350499993823
7,2533.7255000022196
2,302.59550000027957
9,129.10749999991822
