AOI,Total_Duration_ms
5,831.1280000007173
7,786.7460000006758
4,661.6744999982984
8,540.6360000006316
1,435.7365000005302
2,351.01050000139367
6,342.9409999998825
