AOI,Total_Duration_ms
5,507249.8349999987
4,104366.97550000371
2,4248.4305000007225
6,1174.0689999987808
8,746.4009999994232
7,689.9164999995264
1,661.6744999992079
3,246.110499999304
