{
  "total_cross_transitions": 965,
  "avg_transition_duration": 0.14661501865284474,
  "median_transition_duration": 0.1340440000003582
}