AOI,Total_Duration_ms
8,1307.2040000115521
6,992.5054999766871
5,847.260499955155
2,827.0880000200123
9,669.7405001032166
3,512.3920000041835
7,504.3225000263192
4,270.3170001041144
