{
  "total_cross_transitions": 500,
  "avg_transition_duration": 0.4554796339997556,
  "median_transition_duration": 0.30159799999091774
}