{
  "total_cross_transitions": 3243,
  "avg_transition_duration": 0.12014599845821626,
  "median_transition_duration": 0.10053399999924295
}