AOI,Total_Duration_ms
5,482783.93999998935
4,94998.73499999149
2,6043.579000000136
1,1549.2865000001075
3,948.1310000001031
6,512.3950000001969
9,298.287000000073
