AOI,Total_Duration_ms
2,1202.311500000178
4,1089.3420000002152
6,540.6369999996059
1,516.4295000008678
7,367.1489999996993
8,363.1140000002233
5,217.86900000006423
