AOI,Total_Duration_ms
4,63210.10599999817
5,41116.6415000007
7,4663.998999999421
8,1694.5340000002034
1,738.331499999731
3,427.66800000026706
2,399.4259999994938
