{
  "total_cross_transitions": 862,
  "avg_transition_duration": 0.16448245359628938,
  "median_transition_duration": 0.16755499999999302
}