{
  "total_cross_transitions": 263,
  "avg_transition_duration": 0.38976860076043857,
  "median_transition_duration": 0.1005330000189133
}