AOI,Total_Duration_ms
5,37558.21899982402
6,1186.1740000167629
2,1097.411499998998
4,835.1630000252044
3,492.12000000989065
7,242.07650001335423
8,133.14200000604615
9,80.69200000318233
