AOI,Total_Duration_ms
4,786.746999976458
7,572.9134999855887
5,415.5634999915492
1,310.6650000263471
8,278.3869999984745
