AOI,Total_Duration_ms
6,1432.2824999835575
5,1004.616000020178
4,879.542999973637
8,217.86850001080893
1,201.72899999306537
7,173.4874999965541
2,80.69199998863041
