{
  "total_cross_transitions": 97,
  "avg_transition_duration": 0.21523060824721452,
  "median_transition_duration": 0.13404400000581518
}