AOI,Total_Duration_ms
8,8105.58299999866
3,7375.31449999733
6,4914.1890000037165
9,3623.102999998082
2,2735.483000002205
5,1278.9779999984603
7,217.8700000004028
4,169.4550000001982
