AOI,Total_Duration_ms
2,138367.81749998682
5,58114.88849999114
1,3840.9730000003037
4,2190.808500003186
3,605.1945000008345
8,427.6709999994637
7,80.69249999971362
