AOI,Total_Duration_ms
4,601.1599999992541
5,306.6319999988991
1,217.8700000004028
9,165.42000000117696
7,112.96999999922264
3,80.69299999988289
