AOI,Total_Duration_ms
1,1044.9714999995194
4,806.927500000711
8,653.610999997909
5,318.7359999992623
7,217.87049999875308
6,88.76200000031531
