{
  "total_cross_transitions": 273,
  "avg_transition_duration": 0.12324264468864989,
  "median_transition_duration": 0.10053400000015245
}