{
  "total_cross_transitions": 4406,
  "avg_transition_duration": 0.12473677644122341,
  "median_transition_duration": 0.11728750000020227
}