AOI,Total_Duration_ms
4,1512.9670000000033
5,282.42599999998674
