AOI,Total_Duration_ms
5,76469.2514999993
2,20875.055500000086
3,2077.9075000000375
6,1351.5919999999824
1,883.6150000000771
4,435.75550000014124
