AOI,Total_Duration_ms
4,217.87799999992785
3,189.62499999997817
