AOI,Total_Duration_ms
3,3772.402999999372
8,3239.7790000008517
9,988.4644999999637
2,871.4874999998301
6,720.6684999999311
1,407.4909999999363
5,217.86550000001623
