{
  "total_cross_transitions": 97,
  "avg_transition_duration": 0.13749881443299186,
  "median_transition_duration": 0.134042999999906
}