AOI,Total_Duration_ms
5,5543.553000000429
8,568.8810000001467
1,306.6305000002103
6,133.14149999951042
4,100.8655000005092
9,96.83049999875948
