AOI,Total_Duration_ms
5,200213.7030000167
2,3304.344999998648
6,2430.039000004399
4,1307.2139999985666
1,895.6829999988258
3,802.8864999996586
9,145.24550000078307
8,88.76099999906728
