AOI,Total_Duration_ms
8,9029.462499997862
7,8117.636500000117
1,7751.556000001982
2,7734.348500001033
4,4881.880000001729
5,1283.0069999999978
3,1137.7605000006952
9,435.73800000012847
