AOI,Total_Duration_ms
4,855.3369999990537
3,548.7080000002607
2,512.3950000006516
5,484.1519999999946
7,306.6305000002103
8,80.69200000045385
