{
  "total_cross_transitions": 438,
  "avg_transition_duration": 0.11990119178081637,
  "median_transition_duration": 0.1005330000007234
}