{
  "total_cross_transitions": 763,
  "avg_transition_duration": 0.4328295661859412,
  "median_transition_duration": 0.16755400004331023
}