{
  "total_cross_transitions": 2642,
  "avg_transition_duration": 0.1374174708554023,
  "median_transition_duration": 0.13404399999126326
}