{
  "total_cross_transitions": 2213,
  "avg_transition_duration": 0.16124123226396203,
  "median_transition_duration": 0.13404499999978725
}