{
  "total_cross_transitions": 3252,
  "avg_transition_duration": 0.15549869772452682,
  "median_transition_duration": 0.13404399999126326
}