AOI,Total_Duration_ms
8,18526.066000003993
9,10703.823500001818
3,10441.583499999979
2,3457.6629999955912
6,2614.4284999973024
7,2553.9089999983844
5,871.4770000005955
