AOI,Total_Duration_ms
5,683899.2049999597
6,9666.933500002415
2,4398.419999999533
3,435.73749999995925
8,318.7339999985852
4,205.7649999987916
7,88.76199999940582
1,84.72699999947508
