AOI,Total_Duration_ms
4,4938.369499992405
1,1032.860499997696
7,960.2390000000014
5,221.903999998176
