AOI,Total_Duration_ms
1,3268.036999999822
4,3066.30700000278
8,2715.297000002465
7,956.2034999999013
2,863.4079999992537
6,217.86950000023356
