{
  "total_cross_transitions": 574,
  "avg_transition_duration": 0.12552078745646447,
  "median_transition_duration": 0.10053400000106194
}