{
  "total_cross_transitions": 2038,
  "avg_transition_duration": 0.38208226153097563,
  "median_transition_duration": 0.13404399999990346
}