AOI,Total_Duration_ms
8,2739.61049999798
3,1944.7610000011082
2,1589.7009999989677
6,766.6065000003073
7,762.5719999996363
9,653.6329999998998
5,560.8330000000024
