AOI,Total_Duration_ms
4,710.1189999993949
8,415.58149999991656
7,181.56500000031883
