AOI,Total_Duration_ms
2,21239.043999996284
5,17817.556999998942
4,217.8770000000441
6,137.18249999965337
3,92.79949999972814
1,80.69550000027448
