{
  "total_cross_transitions": 59,
  "avg_transition_duration": 8.201036508474594,
  "median_transition_duration": 0.10053300000026866
}