AOI,Total_Duration_ms
5,28192.3050000114
6,2089.8879999986093
8,1186.1604999994597
2,1097.401499998341
3,415.5609999988883
