AOI,Total_Duration_ms
4,13342.887499998142
7,12869.137499999852
8,8830.975999999282
1,7831.0799999972005
2,4821.29950000126
3,1089.3334999982471
5,504.31900000148744
