AOI,Total_Duration_ms
4,3933.6965000011332
5,2239.1794999984995
3,1601.7194999967614
2,1374.048000001494
7,976.364500001182
9,129.10399999964284
