{
  "total_cross_transitions": 759,
  "avg_transition_duration": 0.14318500263506392,
  "median_transition_duration": 0.13404300000001967
}