AOI,Total_Duration_ms
8,10639.192999951774
5,5208.6699999345
9,1835.7449999602977
6,1767.1545000339393
7,827.0934999745805
4,746.4010000112467
3,161.38400000636466
2,117.00349999591708
