AOI,Total_Duration_ms
7,5019.041000021389
1,3788.4899999480695
2,2852.4614999914775
4,2013.2664999982806
8,1646.1159999889787
5,447.8404999972554
9,117.003500010469
