{
  "total_cross_transitions": 932,
  "avg_transition_duration": 0.14055227360512904,
  "median_transition_duration": 0.10053399999742396
}