AOI,Total_Duration_ms
8,6455.226500000066
3,4704.2415000001365
9,3683.5115000001792
6,2420.7059999999387
7,782.6949999998191
2,435.7279999999833
5,169.45000000001187
1,145.24249999999483
