AOI,Total_Duration_ms
5,141596.56599999953
2,35144.65550000097
4,2945.1965000001223
3,2497.364999999945
6,2049.5354999999904
1,1287.0130000000586
7,80.69000000000415
