AOI,Total_Duration_ms
1,702.0065000000386
2,609.2115000001286
4,217.8635000000213
