{
  "total_cross_transitions": 195,
  "avg_transition_duration": 0.1285398102564099,
  "median_transition_duration": 0.10053099999998949
}