AOI,Total_Duration_ms
5,591931.959499996
4,98327.43700000356
2,9227.14850000375
1,1109.518000001117
6,391.3575000005949
9,217.86950000023356
