AOI,Total_Duration_ms
4,504.3260000020382
8,217.86900000006423
5,217.86899999824527
3,104.90000000027068
2,96.83049999875948
6,88.76199999940582
