AOI,Total_Duration_ms
4,9872.684999998455
7,431.70199999985925
1,217.86900000006423
