AOI,Total_Duration_ms
8,40395.6155000069
9,26152.32849999847
6,10510.153499997614
3,10021.96499999991
2,5672.660000001997
7,3921.640000000479
5,2404.6254999993835
1,322.7690000003349
