{
  "total_cross_transitions": 915,
  "avg_transition_duration": 0.11719721202183384,
  "median_transition_duration": 0.10053399999924295
}