AOI,Total_Duration_ms
5,667924.6039999652
6,17982.318499998655
2,4079.0065000037434
3,492.22500000178115
7,403.4620000002178
8,149.2804999998043
1,141.21199999863163
4,133.1430000009277
