AOI,Total_Duration_ms
1,3453.638000002684
8,2041.520500002662
4,1960.8270000007906
2,1561.3980000016454
7,1448.4284999962256
3,217.86950000023356
6,217.86950000023356
