AOI,Total_Duration_ms
4,13608.78500000399
6,2073.7950000038836
9,637.4705000016547
5,524.5010000016919
8,435.7390000004671
7,431.70449999888655
