{
  "total_cross_transitions": 650,
  "avg_transition_duration": 0.1278063492307746,
  "median_transition_duration": 0.13404399999853922
}