AOI,Total_Duration_ms
3,3276.1014999996405
5,1746.9870000031733
4,1500.8735000001252
2,1089.345499999581
8,189.62650000048598
1,121.03900000056456
