AOI,Total_Duration_ms
5,7746.452000003956
8,1625.9470000013607
4,205.76550000168936
7,112.96949999996286
2,108.93399999986286
