AOI,Total_Duration_ms
5,392268.1525000007
2,40103.76549999455
1,25732.06900000332
4,12216.802500004633
6,5361.99950000173
7,516.4300000005824
8,229.97299999860843
9,217.86900000006423
