{
  "total_cross_transitions": 1615,
  "avg_transition_duration": 0.11204946377708688,
  "median_transition_duration": 0.1005330000007234
}