{
  "total_cross_transitions": 2968,
  "avg_transition_duration": 0.11479516677896592,
  "median_transition_duration": 0.1005330000007234
}