{
  "total_cross_transitions": 1537,
  "avg_transition_duration": 0.12726377423553853,
  "median_transition_duration": 0.10053400000106194
}