AOI,Total_Duration_ms
5,19737.321500007965
8,1299.1445000016029
6,371.1845000007088
2,181.55750000005355
