AOI,Total_Duration_ms
4,4010.405000004539
5,1480.702000002566
2,948.1330000007802
3,911.8229999994583
8,625.3630000001067
7,427.6675000000978
