{
  "total_cross_transitions": 707,
  "avg_transition_duration": 0.13423751060821032,
  "median_transition_duration": 0.13404399999944872
}